{
  "controller/App.controller.js.map": 1751603196984,
  "i18n/i18n_vi.properties": 1751364730099,
  "controller/Detail.controller.js": 1751526105030,
  "controller/List.controller.js": 1751526111286,
  "controller/Leave.controller.js": 1751538577118,
  "model/models.js": 1751526550514,
  "controller/BaseController.js": 1751526107750,
  "controller/App.controller.js": 1751526102210,
  "controller/AddEmployee.controller.js": 1751538606790,
  "manifest.json": 1751527265024,
  "Component.js": 1751525859348,
  "controller/Detail-dbg.controller.js": 1751526105030,
  "controller/Detail.controller.js.map": 1751603196985,
  "controller/List-dbg.controller.js": 1751526111286,
  "controller/List.controller.js.map": 1751603196982,
  "controller/Leave-dbg.controller.js": 1751538577118,
  "controller/Leave.controller.js.map": 1751603196989,
  "model/models-dbg.js": 1751526550514,
  "model/models.js.map": 1751603196981,
  "controller/BaseController-dbg.js": 1751526107750,
  "controller/BaseController.js.map": 1751603196983,
  "controller/App-dbg.controller.js": 1751526102210,
  "i18n/i18n.properties": 1751364730095,
  "controller/AddEmployee-dbg.controller.js": 1751538606790,
  "controller/AddEmployee.controller.js.map": 1751603196992,
  "Component-dbg.js": 1751525859348,
  "Component.js.map": 1751603196986,
  "Component-preload.js": 1751603197091,
  "Component-preload.js.map": 1751603197092,
  "view/List.view.xml": 1751526130018,
  "view/Leave.view.xml": 1751526126714,
  "view/Detail.view.xml": 1751526123746,
  "view/App.view.xml": 1751526120678,
  "view/AddEmployee.view.xml": 1751526117030,
  "fragments/LeaveRequestForm.fragment.xml": 1751364730095,
  "fragments/Header.fragment.xml": 1751364730091,
  "fragments/AddEmployeeForm.fragment.xml": 1751364730091,
  "css/style.css": 1751364730087,
  "index.html": 1751525856912
}