{
  "controller/App-dbg.controller.js": 1750937178259,
  "i18n/i18n_vi.properties": 1750993105825,
  "manifest.json": 1751015993863,
  "controller/List.controller.js": 1750931581635,
  "controller/Leave.controller.js": 1750943452345,
  "controller/Detail.controller.js": 1750937354369,
  "controller/BaseController.js": 1750931564331,
  "controller/App.controller.js": 1750937178259,
  "controller/AddEmployee.controller.js": 1750938353965,
  "model/models.js": 1751258781640,
  "Component.js": 1751018518207,
  "controller/BaseController-dbg.js": 1750931564331,
  "controller/BaseController.js.map": 1751258801773,
  "controller/Leave-dbg.controller.js": 1750943452345,
  "controller/Leave.controller.js.map": 1751258801792,
  "controller/Detail-dbg.controller.js": 1750937354369,
  "controller/Detail.controller.js.map": 1751258801786,
  "controller/List-dbg.controller.js": 1750931581635,
  "controller/List.controller.js.map": 1751258801780,
  "i18n/i18n.properties": 1751257158800,
  "controller/App.controller.js.map": 1751258801776,
  "controller/AddEmployee-dbg.controller.js": 1750938353965,
  "controller/AddEmployee.controller.js.map": 1751258801784,
  "model/models-dbg.js": 1751258781640,
  "model/models.js.map": 1751258801786,
  "Component-dbg.js": 1751018518207,
  "Component.js.map": 1751258801788,
  "Component-preload.js": 1751258801898,
  "Component-preload.js.map": 1751258801898,
  "view/List.view.xml": 1750937207487,
  "view/Leave.view.xml": 1750942327676,
  "view/Detail.view.xml": 1750937220028,
  "view/App.view.xml": 1750937048634,
  "view/AddEmployee.view.xml": 1750937245284,
  "fragments/LeaveRequestForm.fragment.xml": 1750909575815,
  "fragments/Header.fragment.xml": 1751258314382,
  "fragments/AddEmployeeForm.fragment.xml": 1750912350051,
  "css/style.css": 1750599606699,
  "index.html": 1750933815358
}